cp,section_region,area_overlap
eco_areas_highrugosity_polygons_d,CC,3615046950.385253
eco_areas_highrugosity_polygons_d,HG,10027444229.952015
eco_areas_highrugosity_polygons_d,NC,3151361733.4496975
eco_areas_highrugosity_polygons_d,NVI,4484033533.037847
eco_areas_highrugosity_polygons_d,Continental Slope,9764355571.820831
eco_areas_highrugosity_polygons_d,Dixon Entrance,719168957.0491445
eco_areas_highrugosity_polygons_d,Hecate Strait,1016706324.0203079
eco_areas_highrugosity_polygons_d,Johnstone Strait,1256368103.250431
eco_areas_highrugosity_polygons_d,North Coast Fjords,3784237531.728705
eco_areas_highrugosity_polygons_d,Queen Charlotte Sound,1482774610.5055823
eco_areas_highrugosity_polygons_d,Queen Charlotte Strait,818177849.3218412
eco_areas_highrugosity_polygons_d,Strait of Georgia,40052015.7849795
eco_areas_highrugosity_polygons_d,Subarctic Pacific,794532389.047038
eco_areas_highrugosity_polygons_d,Transitional Pacific,1372161894.4538052
eco_areas_highrugosity_polygons_d,Vancouver Island Shelf,202893448.7168813
eco_birds_ancientmurrelet_coloniesri1_d,HG,1843430947.8491895
eco_birds_ancientmurrelet_coloniesri1_d,Continental Slope,535086095.0485901
eco_birds_ancientmurrelet_coloniesri1_d,Dixon Entrance,88450810.93373077
eco_birds_ancientmurrelet_coloniesri1_d,Hecate Strait,1060864627.8301399
eco_birds_ancientmurrelet_coloniesri1_d,Queen Charlotte Sound,159029408.39556456
eco_birds_ancientmurrelet_coloniesri2_d,HG,317543290.6481658
eco_birds_ancientmurrelet_coloniesri2_d,Continental Slope,60581798.720706835
eco_birds_ancientmurrelet_coloniesri2_d,Hecate Strait,255755196.42621318
eco_birds_ancientmurrelet_coloniesri2_d,Queen Charlotte Sound,1206295.4981401025
eco_coarse_bottompatches_polygonshard_d,CC,840702325.6899518
eco_coarse_bottompatches_polygonshard_d,HG,913650589.3049427
eco_coarse_bottompatches_polygonshard_d,NC,1600996048.8125973
eco_coarse_bottompatches_polygonshard_d,NVI,841742752.8369143
eco_coarse_bottompatches_polygonshard_d,Continental Slope,196362718.13206613
eco_coarse_bottompatches_polygonshard_d,Dixon Entrance,457536501.67301154
eco_coarse_bottompatches_polygonshard_d,Hecate Strait,880913116.1393921
eco_coarse_bottompatches_polygonshard_d,Johnstone Strait,208465754.78636152
eco_coarse_bottompatches_polygonshard_d,North Coast Fjords,882293099.9843923
eco_coarse_bottompatches_polygonshard_d,Queen Charlotte Sound,1152687744.5148547
eco_coarse_bottompatches_polygonshard_d,Queen Charlotte Strait,253617119.2658798
eco_coarse_bottompatches_polygonshard_d,Strait of Georgia,6573812.287961583
eco_coarse_bottompatches_polygonshard_d,Vancouver Island Shelf,215097893.2518287
eco_coarse_coastalclasses_linessandbeach_d,CC,20186.90129687466
eco_coarse_coastalclasses_linessandbeach_d,HG,150718.83766099386
eco_coarse_coastalclasses_linessandbeach_d,NC,42631.42573889784
eco_coarse_coastalclasses_linessandbeach_d,NVI,73128.47808790434
eco_coarse_coastalclasses_linessandbeach_d,Continental Slope,23141.430709412547
eco_coarse_coastalclasses_linessandbeach_d,Dixon Entrance,82154.55227866245
eco_coarse_coastalclasses_linessandbeach_d,Hecate Strait,50816.58367025091
eco_coarse_coastalclasses_linessandbeach_d,Johnstone Strait,9432.194204280086
eco_coarse_coastalclasses_linessandbeach_d,North Coast Fjords,40142.63719801045
eco_coarse_coastalclasses_linessandbeach_d,Queen Charlotte Sound,42128.744676560666
eco_coarse_coastalclasses_linessandbeach_d,Queen Charlotte Strait,9751.141344309915
eco_coarse_coastalclasses_linessandbeach_d,Vancouver Island Shelf,28400.752930726616
eco_coarse_ecosections_polygonsncf_d,CC,3198821819.0621676
eco_coarse_ecosections_polygonsncf_d,NC,6001019019.000854
eco_coarse_ecosections_polygonsncf_d,NVI,136822652.1128435
eco_coarse_ecosections_polygonsncf_d,North Coast Fjords,9336663490.421402
eco_coarse_ecosections_polygonsncf_d,Queen Charlotte Sound,0.08471059559559314
eco_coarse_oceanreg_polygonsaristazabalbanksupwelling_d,CC,187884133.94338343
eco_coarse_oceanreg_polygonsaristazabalbanksupwelling_d,NC,5643858337.5647955
eco_coarse_oceanreg_polygonsaristazabalbanksupwelling_d,Hecate Strait,2500990506.3620977
eco_coarse_oceanreg_polygonsaristazabalbanksupwelling_d,North Coast Fjords,200550657.76339906
eco_coarse_oceanreg_polygonsaristazabalbanksupwelling_d,Queen Charlotte Sound,3130201308.759805
eco_fish_herring_spawn_d,CC,66799905.02902495
eco_fish_herring_spawn_d,HG,51681328.74551666
eco_fish_herring_spawn_d,NC,87370059.42355634
eco_fish_herring_spawn_d,NVI,38957154.0
eco_fish_herring_spawn_d,Continental Slope,8895072.676368818
eco_fish_herring_spawn_d,Dixon Entrance,3849428.6969348653
eco_fish_herring_spawn_d,Hecate Strait,41757278.69380405
eco_fish_herring_spawn_d,Johnstone Strait,11673004.101435462
eco_fish_herring_spawn_d,North Coast Fjords,140696230.6429509
eco_fish_herring_spawn_d,Queen Charlotte Sound,12846516.997094618
eco_fish_herring_spawn_d,Queen Charlotte Strait,8311609.240561736
eco_fish_herring_spawn_d,Strait of Georgia,999376.1576558892
eco_fish_herring_spawn_d,Vancouver Island Shelf,15770803.0
eco_fish_salmon_biomass_d,CC,8169937.958748766
eco_fish_salmon_biomass_d,HG,7949150.5389740225
eco_fish_salmon_biomass_d,NC,17512016.92470209
eco_fish_salmon_biomass_d,NVI,7950217.54095317
eco_fish_salmon_biomass_d,Continental Slope,444697.51545328915
eco_fish_salmon_biomass_d,Dixon Entrance,1734750.4481867205
eco_fish_salmon_biomass_d,Hecate Strait,5778155.650487398
eco_fish_salmon_biomass_d,Johnstone Strait,6041029.414212099
eco_fish_salmon_biomass_d,North Coast Fjords,25681631.00458982
eco_fish_salmon_biomass_d,Queen Charlotte Sound,107504.76225
eco_fish_salmon_biomass_d,Queen Charlotte Strait,1513934.6726552586
eco_fish_salmon_biomass_d,Vancouver Island Shelf,182781.81865559437
eco_inverts_shrimphumpback_records_d,CC,814701857.2529645
eco_inverts_shrimphumpback_records_d,HG,289140871.388391
eco_inverts_shrimphumpback_records_d,NC,1534793285.9533813
eco_inverts_shrimphumpback_records_d,NVI,695748368.4575248
eco_inverts_shrimphumpback_records_d,Continental Slope,68054779.37251472
eco_inverts_shrimphumpback_records_d,Dixon Entrance,67555861.40088816
eco_inverts_shrimphumpback_records_d,Hecate Strait,167413487.30891564
eco_inverts_shrimphumpback_records_d,Johnstone Strait,345798778.4968377
eco_inverts_shrimphumpback_records_d,North Coast Fjords,2247624921.272099
eco_inverts_shrimphumpback_records_d,Queen Charlotte Sound,103074412.48799722
eco_inverts_shrimphumpback_records_d,Queen Charlotte Strait,297226336.7498686
eco_inverts_shrimphumpback_records_d,Strait of Georgia,19007780.63656295
eco_inverts_shrimphumpback_records_d,Vancouver Island Shelf,15236284.720594957
eco_mammals_harbourporpoise_density_d,CC,2955.928304217564
eco_mammals_harbourporpoise_density_d,HG,5108.223211130728
eco_mammals_harbourporpoise_density_d,NC,3781.1735541055396
eco_mammals_harbourporpoise_density_d,NVI,3026.7308606663173
eco_mammals_harbourporpoise_density_d,Continental Slope,1428.7565921159896
eco_mammals_harbourporpoise_density_d,Dixon Entrance,840.3930407457827
eco_mammals_harbourporpoise_density_d,Hecate Strait,3392.8533032922733
eco_mammals_harbourporpoise_density_d,Johnstone Strait,370.53520157664764
eco_mammals_harbourporpoise_density_d,North Coast Fjords,3023.661375373575
eco_mammals_harbourporpoise_density_d,Queen Charlotte Sound,4458.006980286392
eco_mammals_harbourporpoise_density_d,Queen Charlotte Strait,1120.7590945145307
eco_mammals_harbourporpoise_density_d,Strait of Georgia,73.91547111897927
eco_mammals_harbourporpoise_density_d,Subarctic Pacific,9.704126928942904
eco_mammals_harbourporpoise_density_d,Transitional Pacific,0.0
eco_mammals_harbourporpoise_density_d,Vancouver Island Shelf,141.81604097549135
eco_mammals_harbourseal_haulouts_m,CC,22793128.477882676
eco_mammals_harbourseal_haulouts_m,HG,25297711.656204913
eco_mammals_harbourseal_haulouts_m,NC,34949123.81889969
eco_mammals_harbourseal_haulouts_m,NVI,27019182.076192517
eco_mammals_harbourseal_haulouts_m,Continental Slope,4748307.916202148
eco_mammals_harbourseal_haulouts_m,Dixon Entrance,12791041.068625178
eco_mammals_harbourseal_haulouts_m,Hecate Strait,16137762.42598894
eco_mammals_harbourseal_haulouts_m,Johnstone Strait,8687792.71305738
eco_mammals_harbourseal_haulouts_m,North Coast Fjords,35257832.73710618
eco_mammals_harbourseal_haulouts_m,Queen Charlotte Sound,16443506.409751654
eco_mammals_harbourseal_haulouts_m,Queen Charlotte Strait,11571391.718636278
eco_mammals_harbourseal_haulouts_m,Strait of Georgia,411171.75749408756
eco_mammals_harbourseal_haulouts_m,Vancouver Island Shelf,4010333.174798591
eco_plants_eelgrass_polygons_d,CC,20124472.59789873
eco_plants_eelgrass_polygons_d,HG,26192170.741315547
eco_plants_eelgrass_polygons_d,NC,17238940.947946154
eco_plants_eelgrass_polygons_d,NVI,30094768.18767427
eco_plants_eelgrass_polygons_d,Continental Slope,2269401.512799698
eco_plants_eelgrass_polygons_d,Dixon Entrance,15078379.346541122
eco_plants_eelgrass_polygons_d,Hecate Strait,11976547.735153435
eco_plants_eelgrass_polygons_d,Johnstone Strait,14716523.926053802
eco_plants_eelgrass_polygons_d,North Coast Fjords,32293464.03355347
eco_plants_eelgrass_polygons_d,Queen Charlotte Sound,8624828.203429537
eco_plants_eelgrass_polygons_d,Queen Charlotte Strait,8620176.793339659
eco_plants_eelgrass_polygons_d,Strait of Georgia,1805822.3133703945
eco_plants_eelgrass_polygons_d,Vancouver Island Shelf,12442882.74793613
eco_reptiles_leatherbackturtle_ia_d,CC,3970677660.839468
eco_reptiles_leatherbackturtle_ia_d,HG,24427123263.174076
eco_reptiles_leatherbackturtle_ia_d,NVI,6842479220.737286
eco_reptiles_leatherbackturtle_ia_d,Continental Slope,19748324615.419556
eco_reptiles_leatherbackturtle_ia_d,Dixon Entrance,2744798509.69484
eco_reptiles_leatherbackturtle_ia_d,Hecate Strait,2670116708.534926
eco_reptiles_leatherbackturtle_ia_d,Queen Charlotte Sound,3696787246.511861
eco_reptiles_leatherbackturtle_ia_d,Subarctic Pacific,1522120942.3430884
eco_reptiles_leatherbackturtle_ia_d,Transitional Pacific,2037137947.7730181
eco_reptiles_leatherbackturtle_ia_d,Vancouver Island Shelf,2765106444.419294
eco_coarse_ecosections_polygons_d,CC,22083113384.076344
eco_coarse_ecosections_polygons_d,HG,45917314926.99283
eco_coarse_ecosections_polygons_d,NC,19471103023.53703
eco_coarse_ecosections_polygons_d,NVI,13889480190.98866
eco_coarse_ecosections_polygons_d,Continental Slope,35684292966.45616
eco_coarse_ecosections_polygons_d,Dixon Entrance,14676393902.038496
eco_coarse_ecosections_polygons_d,Hecate Strait,17646116149.238422
eco_coarse_ecosections_polygons_d,Johnstone Strait,18934553345.436775
eco_coarse_ecosections_polygons_d,Juan de Fuca Strait,3127891480.2407546
eco_coarse_ecosections_polygons_d,North Coast Fjords,93024689832.68713
eco_coarse_ecosections_polygons_d,Queen Charlotte Sound,37799443053.53467
eco_coarse_ecosections_polygons_d,Queen Charlotte Strait,6950705783.649482
eco_coarse_ecosections_polygons_d,Strait of Georgia,27070651196.699238
eco_coarse_ecosections_polygons_d,Subarctic Pacific,148504613651.21268
eco_coarse_ecosections_polygons_d,Transitional Pacific,170978573266.87143
eco_coarse_ecosections_polygons_d,Vancouver Island Shelf,35896539174.14071
eco_plants_bullkelp_polygons_d,CC,12773273.890464267
eco_plants_bullkelp_polygons_d,HG,23418287.379420564
eco_plants_bullkelp_polygons_d,NC,47812212.842459336
eco_plants_bullkelp_polygons_d,NVI,26412224.238872927
eco_plants_bullkelp_polygons_d,Continental Slope,2129522.520868741
eco_plants_bullkelp_polygons_d,Dixon Entrance,32630854.561910048
eco_plants_bullkelp_polygons_d,Hecate Strait,18073298.657382827
eco_plants_bullkelp_polygons_d,Johnstone Strait,524583.1617009612
eco_plants_bullkelp_polygons_d,North Coast Fjords,12470396.377280558
eco_plants_bullkelp_polygons_d,Queen Charlotte Sound,30198788.77922886
eco_plants_bullkelp_polygons_d,Queen Charlotte Strait,8189439.693789697
eco_plants_bullkelp_polygons_d,Strait of Georgia,170047.47532962606
eco_plants_bullkelp_polygons_d,Vancouver Island Shelf,6029067.125846508
