,hu_aq_finfishaquaculture_opennetpens_d,hu_aq_shellfishaquaculture_beachseeding_d,hu_aq_shellfishaquaculture_offbottom_d,hu_co_demersalfishing_bottomlongline_d,hu_co_demersalfishing_bottomtrawling_d,hu_co_demersalfishing_shrimptrawling_d,hu_co_demersalfishing_pressurehose_d,hu_co_demersalfishing_inverttrapcom_d_CRAB,hu_co_demersalfishing_inverttrapcom_d_PRAWN,hu_co_demersalfishing_sabletrapcom_d,hu_co_intertidalhandpickingdigging_intertidalhandpickdigcom_d,hu_co_pelagicfishing_gillnetscom_d_HERRING,hu_co_pelagicfishing_gillnetscom_d_SALMON,hu_co_pelagicfishing_pelagicandmidwatertrawls_d,hu_co_pelagicfishing_purseseine_d_HERRING,hu_co_pelagicfishing_purseseine_d_SALMON,hu_co_pelagicfishing_salmontrollcom_d,hu_co_pelagicfishing_trollingrodandreelcomTUNA_d,hu_co_scubadivefishing_scubadivefishingcom_d_GSU,hu_co_scubadivefishing_scubadivefishingcom_d_RSU,hu_rf_demersalfishing_hookandlinerec_d,hu_rf_demersalfishing_traprec_d_CRAB,hu_rf_demersalfishing_traprec_d_PRAWN,hu_rf_intertidalhandpickingdigging_intertidalhandpickdigrec_d,hu_rf_pelagicfishing_trollingrodandreelrec_d,hu_rf_scubadivefishing_scubadivefishingrec_d_ALL,hu_rf_scubadivefishing_scubadivefishingrec_d_RSU,hu_ot_loghandlingstorageandtransportation_logstorageandhand_d,hu_ma_tidalcurrent_tidalstream_d,hu_ma_windpower_windturbinesinshallowtransitionaldeepwaters_d,hu_ot_dischargesanddisposal_pulpandpapermills_d,hu_ot_dischargesanddisposal_sewageeffluentfromterrestrial_d,hu_ot_dischargesanddisposal_terrestrialminerunoff_d,hu_ot_dredging_dredging_d,hu_ot_underwaterinfrastructure_seafloorelectricalcommscables_d,hu_ot_underwaterinfrastructure_seafloorpipelinesfortransoil_d,hu_tr_largevesselscargoandcruiseships_largevesselscargo_d,hu_ih_indigenousharvest_foodsocialceremonial
S2_NVI_1,X,na,X,X,X,X,X,X,X,X,na,X,X,X,X,X,X,X,na,na,X,X,X,na,X,na,na,O,X,X,X,X,X,X,X,X,X,O
S2_NVI_2,X,na,X,X,X,X,X,X,X,X,na,X,X,X,X,X,X,X,na,na,X,X,X,na,X,na,na,O,X,X,X,X,X,X,X,X,X,O
S2_NVI_3,X,X,X,X,X,X,X,X,X,X,X,X,X,X,X,X,X,X,X,X,X,X,X,X,X,X,X,X,X,X,X,X,X,X,X,X,X,O
S2_NVI_4,X,X,X,X,X,X,X,X,X,X,X,X,X,X,X,X,X,X,X,X,X,X,X,X,X,X,X,X,X,X,X,X,X,X,X,X,X,O
S2_NVI_5,O,O,O,X,na,na,O,O,O,X,O,O,O,O,O,O,X,X,O,O,X,O,O,O,X,O,O,O,X,X,X,X,X,X,X,X,X,X
S2_NVI_6,X,X,X,X,na,na,O,O,O,X,O,O,O,O,O,O,X,X,O,O,X,O,O,O,X,O,O,X,X,X,X,X,X,X,X,X,X,X
S2_NVI_10,X,X,X,X,X,X,X,X,X,X,X,X,X,X,X,X,X,X,X,X,X,X,X,X,X,X,X,X,X,X,X,O,X,X,X,X,X,O
S2_NVI_11,X,X,X,X,X,X,X,X,X,X,X,X,X,X,X,X,X,X,X,X,O,O,O,X,O,O,O,X,X,X,X,X,X,X,X,X,X,X
S2_NVI_12,X,X,O,O,X,X,O,O,O,O,X,O,O,O,X,X,X,X,O,O,O,O,O,X,X,O,O,X,X,X,X,O,X,X,X,X,X,X
S2_NVI_15,X,X,X,X,X,X,X,X,X,X,X,X,X,X,X,X,X,X,X,X,X,X,X,X,X,X,X,X,X,X,X,X,X,X,X,X,X,O
S2_NVI_16,X,X,X,X,X,X,X,X,X,X,X,X,X,X,X,X,X,X,X,X,X,X,X,X,X,X,X,X,X,X,X,X,X,X,X,X,X,O
S2_NVI_20,X,X,O,O,na,na,O,X,X,O,O,X,X,X,X,X,X,O,O,O,O,X,X,O,X,O,O,X,X,X,X,X,X,X,X,X,X,X
S2_NVI_21,X,X,O,O,na,na,O,X,X,O,X,X,X,X,X,X,X,O,O,O,O,X,X,X,X,O,O,X,X,X,X,X,X,X,X,X,X,X
S2_CC_100,X,X,X,X,na,X,O,X,X,X,X,X,X,X,X,X,X,X,O,O,X,X,X,X,X,X,X,X,X,X,X,X,X,X,X,X,O,X
S2_CC_101,X,X,X,X,na,X,X,X,X,X,X,X,X,X,X,X,X,X,X,X,X,X,X,X,X,X,X,X,X,X,X,O,X,X,X,X,O,O
S2_CC_102,X,X,X,X,na,X,na,X,X,X,X,X,X,X,X,X,X,X,X,X,X,X,X,X,X,X,X,X,X,X,X,X,X,X,X,X,X,O
S2_CC_103,X,X,X,X,na,na,na,X,X,X,X,X,X,X,X,X,X,X,X,X,X,X,X,X,X,X,X,X,X,X,X,X,X,X,X,X,X,O
S2_CC_110,X,X,X,X,na,na,na,X,X,X,X,X,X,X,X,X,X,X,na,na,X,X,X,X,X,na,na,X,X,X,X,X,X,X,X,X,X,O
S2_CC_111,X,X,X,X,na,na,X,X,X,X,X,X,X,X,X,X,X,X,X,X,X,X,X,X,X,X,X,X,X,X,X,X,X,X,X,X,O,O
S2_CC_112,X,O,O,X,na,X,O,O,O,X,O,O,O,X,O,O,O,O,O,O,X,X,X,O,O,O,O,O,X,X,X,X,X,X,X,X,O,X
S2_CC_113,X,X,X,X,na,X,X,X,X,X,X,X,X,X,X,X,X,X,X,X,X,X,X,X,X,X,X,X,X,X,X,X,X,X,X,X,O,O
S2_CC_114,X,X,X,X,na,na,na,X,X,X,X,X,X,X,X,X,X,X,X,X,X,X,X,X,X,X,X,X,X,X,X,X,X,X,X,X,X,O
S2_CC_120,X,X,X,O,na,O,O,O,O,O,O,O,O,O,O,O,O,O,O,O,O,O,O,O,O,O,O,X,X,X,X,X,X,X,X,X,X,X
S2_CC_121,X,X,X,O,na,na,O,O,O,O,O,O,O,O,O,O,O,O,O,O,O,X,X,X,O,O,O,X,X,X,X,X,X,X,X,X,X,X
S2_CC_122,X,O,O,X,na,na,O,X,X,X,X,X,X,X,X,X,X,X,O,O,X,X,X,X,X,X,X,X,X,X,X,X,X,X,X,X,X,X
S2_CC_123,X,X,X,O,na,O,O,O,O,O,O,O,O,X,O,O,O,O,O,O,O,O,O,X,O,O,O,X,X,X,X,X,X,X,X,X,X,X
S2_CC_130,X,X,X,X,na,X,X,X,X,X,X,X,X,X,X,X,X,X,X,X,X,X,X,X,X,X,X,X,X,X,X,O,X,X,X,X,O,O
S2_CC_131,X,X,X,X,na,X,O,X,X,X,O,O,O,O,na,na,na,O,na,na,X,X,X,O,X,O,O,O,X,X,X,X,X,X,X,X,O,X
S2_CC_132,X,X,X,X,na,X,na,X,X,X,X,X,X,X,X,X,X,X,X,X,X,X,X,X,X,X,X,X,X,X,X,X,X,X,X,X,X,O
S2_CC_133,X,X,X,X,na,na,X,X,X,X,X,X,X,X,X,X,X,X,X,X,X,X,X,X,X,X,X,X,X,X,X,X,X,X,X,X,X,O
S2_CC_134,X,X,X,O,na,na,O,X,X,O,O,O,O,O,O,O,O,O,O,O,O,X,X,X,O,O,O,X,X,X,X,X,X,X,X,X,X,X
S2_CC_136,X,X,X,X,na,na,X,X,X,X,X,X,X,X,X,X,X,X,na,na,X,X,X,X,X,X,X,X,X,X,X,X,X,X,X,X,X,O
S2_CC_137,X,X,X,X,na,na,O,X,X,X,O,O,O,X,O,O,O,O,O,O,X,X,X,O,O,O,O,O,X,X,X,O,X,X,X,X,O,X
S2_CC_138,X,X,X,na,na,na,na,X,X,na,X,X,X,X,X,X,X,X,na,na,na,X,X,X,X,X,X,X,X,X,X,O,X,X,X,X,O,O
S2_CC_140,X,X,X,X,na,na,X,X,X,X,X,X,X,X,X,X,X,X,X,X,X,X,X,X,X,X,X,X,X,X,X,X,X,X,X,X,O,O
S2_CC_141,X,X,X,X,na,na,X,X,X,X,X,X,X,X,X,X,X,X,X,X,X,X,X,X,X,X,X,X,X,X,X,X,X,X,X,X,X,O
S2_CC_142,X,X,X,X,na,na,na,X,X,X,X,X,X,X,X,X,X,X,X,X,X,X,X,X,X,X,X,X,X,X,X,X,X,X,X,X,X,O
S2_CC_143,X,X,X,X,na,na,na,X,X,X,X,O,O,X,X,X,X,X,X,X,X,X,X,X,X,X,X,X,X,X,X,X,X,X,X,X,O,X
S2_CC_144,X,X,X,X,na,na,na,X,X,X,X,X,X,X,na,na,X,X,X,X,X,X,X,X,X,X,X,X,X,X,X,X,X,X,X,X,X,O
S2_CC_145,X,X,X,X,na,na,X,X,X,X,X,X,X,X,X,X,X,X,X,X,X,X,X,X,X,X,X,X,X,X,X,X,X,X,X,X,X,O
S2_CC_146,X,X,X,na,na,na,na,X,X,X,X,X,X,X,X,X,X,X,na,na,O,X,X,X,X,X,X,X,X,X,X,X,X,X,X,X,X,X
S2_CC_150,X,X,X,X,na,X,X,X,X,X,X,X,X,X,X,X,X,X,X,X,X,X,X,X,X,X,X,X,X,X,X,X,X,X,X,X,X,O
S2_CC_151,X,X,X,X,na,X,O,X,X,X,O,O,O,X,O,O,X,X,O,O,X,X,X,O,X,O,O,X,X,X,X,X,X,X,X,X,X,X
S2_CC_152,na,na,na,X,X,na,na,X,X,X,na,X,X,X,X,X,X,X,na,na,X,X,X,na,X,na,na,na,X,O,X,X,X,X,X,X,X,O
S2_CC_153,X,O,O,X,na,X,O,X,X,X,O,O,O,X,O,O,X,O,O,O,X,X,X,X,O,O,O,O,X,X,X,X,X,X,X,X,O,X
S2_CC_154,X,O,O,X,na,X,O,X,X,X,O,O,O,X,O,O,X,X,X,X,X,X,X,X,X,X,X,X,X,X,X,X,X,X,X,X,O,X
S2_CC_155,X,X,X,X,na,na,na,X,X,X,X,X,X,X,X,X,X,X,na,na,X,X,X,X,X,na,na,X,X,X,X,X,X,X,X,X,X,O
S2_CC_156,X,X,X,O,na,na,O,O,O,O,O,O,O,O,O,O,O,O,O,O,O,O,O,X,O,O,O,X,X,X,X,X,X,X,X,X,X,X
S2_CC_157,X,X,X,na,na,na,na,X,X,X,X,X,X,na,X,X,X,X,X,X,na,X,X,X,na,X,X,X,X,X,X,X,X,X,X,X,X,O
S2_CC_160,X,O,O,O,na,na,O,X,X,X,O,X,X,X,X,X,X,X,O,O,X,X,X,X,X,X,X,X,X,X,X,X,X,X,X,X,O,X
S2_CC_161,X,X,X,X,na,na,X,X,X,X,O,X,X,X,X,X,X,X,X,X,X,X,X,X,X,X,X,X,X,X,X,X,X,X,X,X,O,X
S2_CC_162,X,O,O,X,na,na,O,X,X,X,O,O,O,O,O,O,na,O,O,O,X,X,X,O,O,O,O,X,X,X,X,O,X,X,O,X,O,X
S2_CC_163,X,X,X,X,na,X,X,X,X,X,O,O,O,X,O,O,X,X,O,O,X,X,X,X,X,X,X,X,X,X,X,X,X,X,X,X,O,X
S2_CC_164,X,O,O,X,na,X,X,X,X,X,O,X,X,X,X,X,X,X,O,O,X,X,X,X,X,X,X,X,X,X,X,X,X,X,X,X,X,X
S2_CC_165,X,X,X,X,na,X,na,O,O,X,X,X,X,X,X,X,X,X,X,X,X,X,X,X,X,X,X,X,X,X,X,X,X,X,X,X,O,X
S2_CC_166,X,X,X,X,na,na,na,X,X,X,X,X,X,na,X,X,X,X,na,na,na,X,X,X,na,na,na,X,X,X,X,X,X,X,X,X,X,O
S2_CC_170,X,X,X,X,na,na,O,O,O,X,O,X,X,X,X,X,X,X,O,O,X,O,O,O,X,O,O,X,X,X,X,X,X,X,X,X,O,X
S2_CC_171,X,X,X,X,na,na,X,X,X,X,X,X,X,X,X,X,X,X,X,X,X,X,X,X,X,X,X,X,X,X,X,X,X,X,X,X,O,O
S2_CC_172,X,X,X,X,na,na,na,X,X,X,na,X,X,X,X,X,X,X,X,X,X,X,X,na,X,X,X,na,X,X,X,X,X,X,X,X,O,O
S2_CC_173,X,X,X,X,na,na,na,X,X,X,X,X,X,X,X,X,O,X,O,O,X,X,X,na,O,O,O,na,X,X,X,X,X,X,X,X,X,X
S2_CC_174,X,X,X,X,na,na,X,X,X,X,X,X,X,X,X,X,X,X,X,X,X,X,X,X,X,X,X,X,X,X,X,X,X,X,X,X,X,O
S2_CC_180,X,X,X,X,na,X,X,X,X,X,X,O,O,X,O,O,X,X,X,X,X,X,X,X,O,X,X,X,X,X,X,X,X,X,X,X,X,X
S2_CC_181,X,X,X,X,na,na,X,X,X,X,X,X,X,X,X,X,X,X,O,O,X,X,X,X,X,O,O,X,X,X,X,X,X,X,X,X,X,X
S2_CC_182,X,X,X,X,na,na,X,X,X,X,X,X,X,X,X,X,X,X,O,O,X,X,X,X,X,O,O,X,X,X,X,X,X,X,X,X,X,X
S2_CC_183,X,X,X,X,na,na,X,X,X,X,X,X,X,X,X,X,X,X,O,O,X,X,X,X,X,O,O,X,X,X,X,X,X,X,X,X,X,X
S2_CC_184,X,X,X,X,na,na,X,X,X,X,X,X,X,X,X,X,X,X,O,O,X,X,X,X,X,O,O,X,X,X,X,X,X,X,X,X,X,X
S2_CC_185,X,X,X,X,na,na,X,X,X,X,X,X,X,X,X,X,X,X,X,X,X,X,X,X,X,X,X,X,X,X,X,X,X,X,X,X,O,O
S2_CC_186,X,X,X,X,na,na,O,O,O,X,O,X,X,X,X,X,X,X,O,O,O,O,O,O,O,X,X,X,X,X,X,X,X,X,X,X,O,X
S2_CC_187,X,X,X,X,na,na,X,X,X,X,O,X,X,X,X,X,X,X,O,O,X,X,X,O,X,O,O,X,X,X,X,X,X,X,X,X,X,X
S2_CC_188,X,X,X,X,na,na,X,X,X,X,X,X,X,X,X,X,X,X,X,X,X,X,X,X,X,X,X,X,X,X,X,X,X,X,X,X,X,O
S2_CC_190,X,X,X,X,na,X,X,X,X,X,X,X,X,X,X,X,X,X,X,X,X,X,X,X,X,X,X,X,X,X,X,X,X,X,X,X,O,O
S2_CC_191,X,X,X,O,na,na,O,O,O,X,O,O,O,X,O,O,O,O,O,O,O,O,O,O,O,O,O,X,X,X,X,X,X,X,X,X,X,X
S2_CC_192,X,X,X,X,na,na,X,X,X,X,X,X,X,X,X,X,X,X,O,O,X,X,X,X,X,O,O,X,X,X,X,X,X,X,X,X,X,X
S2_CC_193,X,X,X,O,na,na,O,O,O,X,O,O,O,X,O,O,O,O,O,O,O,O,O,O,O,O,O,X,X,X,X,X,X,X,X,X,O,X
S2_CC_194,X,X,X,X,na,na,X,X,X,X,X,X,X,X,X,X,X,X,X,X,X,X,X,X,X,X,X,X,X,X,X,X,X,X,X,X,O,X
S2_CC_195,X,O,O,X,na,na,O,X,X,X,O,O,O,X,O,O,O,O,O,O,X,X,X,O,O,O,O,X,X,X,X,X,X,X,X,X,X,X
S2_CC_196,X,X,X,X,na,na,X,X,X,X,X,X,X,X,X,X,X,X,X,X,X,X,X,X,X,X,X,X,X,X,X,X,X,X,X,X,X,X
S2_CC_197,X,X,X,O,na,na,O,O,O,O,O,O,O,X,O,O,O,O,X,X,O,O,O,O,O,X,X,X,X,X,X,X,X,X,X,X,X,X
S2_CC_200,X,X,X,O,na,na,O,O,O,O,O,O,O,O,O,O,O,O,O,O,O,O,O,O,O,O,O,X,X,X,X,X,X,X,X,X,X,X
S2_CC_201,X,X,X,X,na,na,X,X,X,X,O,O,O,X,O,O,X,O,O,O,X,X,X,O,X,O,O,X,X,X,X,X,X,X,X,X,O,X
S2_CC_202,X,X,X,O,na,na,O,O,O,O,O,O,O,O,O,O,O,O,O,O,O,O,O,O,O,O,O,X,X,X,X,X,X,X,X,X,X,X
S2_CC_203,X,X,X,X,na,na,X,X,X,X,X,X,X,X,X,X,X,X,X,X,X,X,X,X,X,X,X,X,X,X,X,X,X,X,X,X,O,O
S2_CC_204,X,X,X,X,na,na,X,O,O,X,X,X,X,X,X,X,X,X,O,O,O,O,O,X,X,O,O,X,X,X,X,X,X,X,X,X,X,X
S2_CC_205,X,X,X,X,na,na,X,O,O,X,X,X,X,X,X,X,X,X,O,O,O,O,O,X,X,O,O,X,X,X,X,X,X,X,X,X,X,X
S2_NC_206,X,X,X,X,na,na,X,X,X,X,X,X,X,X,X,X,X,X,X,X,X,X,X,X,X,X,X,X,X,X,X,X,X,X,X,X,O,O
S2_CC_210,X,X,X,O,na,na,O,O,O,O,O,O,O,O,O,O,O,O,O,O,O,O,O,O,O,O,O,X,X,X,X,X,X,X,X,X,X,X
S2_CC_211,X,X,X,X,na,na,X,X,X,X,X,X,X,X,X,X,X,X,X,X,X,X,X,X,X,X,X,X,X,X,X,X,X,X,X,X,X,O
S2_CC_212,X,X,X,X,na,na,X,O,O,X,X,X,X,X,X,X,X,X,O,O,O,O,O,O,O,O,O,X,X,X,X,X,X,X,X,X,X,X
S2_CC_213,X,X,X,X,na,na,X,O,O,X,X,X,X,X,X,X,X,X,O,O,O,O,O,O,O,O,O,X,X,X,X,X,X,X,X,X,X,X
S2_NC_300,X,X,X,X,na,X,O,X,X,X,X,X,X,X,X,X,X,X,X,X,X,X,X,X,X,X,X,X,X,X,X,X,X,X,X,X,X,X
S2_NC_301,X,X,X,X,na,X,X,X,X,X,X,X,X,X,X,X,X,X,X,X,X,X,X,X,X,X,X,X,X,X,X,X,X,X,X,X,X,O
S2_NC_305,X,X,X,X,na,na,O,X,X,X,X,X,X,X,X,X,X,X,O,O,X,X,X,X,X,O,O,X,X,X,X,X,X,X,X,X,X,X
S2_NC_306,na,na,na,X,na,na,na,X,X,X,na,X,X,X,X,X,X,X,na,na,X,X,X,na,X,na,na,na,X,X,X,X,X,X,X,X,X,O
S2_NC_307,X,X,X,X,na,na,X,X,X,X,O,X,X,X,X,X,X,X,X,X,X,O,O,O,X,O,O,X,X,X,X,X,X,X,X,X,X,X
S2_NC_308,X,X,X,O,na,na,O,O,O,O,O,O,O,O,O,O,O,O,O,O,O,O,O,O,O,O,O,X,X,X,X,X,X,X,X,X,X,X
S2_NC_310,X,X,X,O,na,X,O,O,O,X,X,O,O,X,O,O,O,X,O,O,O,O,O,X,O,X,X,X,X,X,X,X,X,X,X,X,O,X
S2_NC_311,X,X,X,X,na,na,X,X,X,X,X,X,X,X,X,X,X,X,X,X,X,X,X,X,X,X,X,X,X,X,X,X,X,X,X,X,X,O
S2_NC_312,X,X,X,O,na,na,O,X,X,X,X,X,X,X,X,X,O,O,O,O,O,O,O,X,O,O,O,X,X,X,X,X,X,X,X,X,X,X
S2_NC_313,X,X,X,O,na,na,X,O,O,O,X,O,O,X,O,O,X,X,X,X,O,O,O,X,O,X,X,X,X,X,X,X,X,X,X,X,O,X
S2_NC_314,X,X,X,X,na,na,X,X,X,O,X,O,O,X,O,O,X,X,X,X,X,X,X,X,X,X,X,X,X,X,X,X,X,X,X,X,O,X
S2_NC_315,X,X,X,X,na,na,X,O,O,X,X,na,na,na,na,na,X,X,X,X,X,X,X,X,X,X,X,X,X,X,X,X,X,X,X,X,O,X
S2_NC_316,X,X,X,X,na,X,X,X,X,X,X,X,X,X,X,X,X,X,X,X,O,O,O,X,O,O,O,X,X,X,X,X,X,X,X,X,O,X
S2_NC_317,X,X,X,O,na,na,O,O,O,O,O,O,O,O,O,O,O,O,O,O,O,O,O,O,O,O,O,X,X,X,X,X,X,X,X,X,X,X
S2_NC_318,X,X,X,O,na,na,O,O,O,O,O,O,O,O,O,O,O,O,O,O,O,O,O,O,O,O,O,X,X,X,X,X,X,X,X,X,X,X
S2_NC_319,X,X,X,O,na,na,O,O,O,O,O,O,O,O,O,O,O,O,O,O,O,O,O,O,O,O,O,X,X,X,X,X,X,X,X,X,X,X
S2_NC_320,X,X,X,X,na,na,X,X,X,X,X,X,X,X,X,X,X,X,X,X,X,X,X,X,X,X,X,X,X,X,X,X,X,X,X,X,X,O
S2_NC_321,X,X,X,X,na,na,X,X,X,X,X,X,X,X,X,X,X,X,X,X,X,X,X,X,X,X,X,X,X,X,X,X,X,X,X,X,X,O
S2_NC_330,X,X,X,O,na,na,O,O,O,O,O,X,X,O,X,X,O,O,O,O,O,O,O,O,O,O,O,X,X,X,X,X,X,X,X,X,X,X
S2_NC_331,X,X,X,O,na,na,O,O,O,O,X,X,X,O,X,X,O,O,O,O,O,O,O,O,O,O,O,X,X,O,X,O,X,X,O,X,X,X
S2_NC_332,X,X,X,X,na,na,O,X,X,X,O,O,O,X,O,O,X,X,O,O,X,X,X,O,X,O,O,X,X,O,X,X,X,X,X,X,X,X
S2_NC_333,X,X,X,X,na,na,O,X,X,X,O,O,O,X,O,O,X,X,O,O,X,X,X,O,X,O,O,X,X,X,X,X,X,X,X,X,X,X
S2_NC_340,X,X,X,O,na,na,O,O,O,O,O,O,O,O,O,O,O,O,O,O,O,O,O,O,O,O,O,X,X,X,X,X,X,X,X,X,X,X
S2_NC_341,X,O,O,X,na,na,O,X,X,O,X,X,X,X,X,X,X,O,O,O,X,X,X,X,X,O,O,X,X,X,X,X,X,X,X,X,X,X
S2_NC_342,X,O,O,X,na,na,O,X,X,O,X,X,X,X,X,X,X,O,O,O,X,X,X,X,X,O,O,X,X,X,X,X,X,X,X,X,X,X
S2_NC_344,X,O,O,X,na,na,O,X,X,O,X,X,X,X,X,X,X,O,O,O,X,X,X,X,X,O,O,X,X,X,X,X,X,X,X,X,X,X
S2_NC_345,X,X,X,O,na,na,O,O,O,O,O,O,O,O,O,O,O,O,O,O,O,O,O,O,O,O,O,X,X,X,X,X,X,X,X,X,X,X
S2_NC_346,X,X,X,O,na,na,O,O,O,O,O,O,O,O,O,O,O,O,O,O,O,O,O,O,O,O,O,X,X,X,X,X,X,X,X,X,X,X
S2_NC_347,X,X,X,O,na,na,O,O,O,O,O,O,O,O,O,O,O,O,O,O,O,O,O,O,O,O,O,X,X,X,X,X,X,X,X,X,X,X
S2_NC_348,X,X,X,X,na,na,O,X,X,O,X,X,X,O,X,X,X,O,O,O,X,X,X,X,X,O,O,X,X,X,X,X,X,X,X,X,O,X
S2_NC_350,X,X,X,O,na,O,O,O,O,O,O,O,O,O,O,O,O,O,O,O,O,O,O,O,O,O,O,X,X,X,X,X,X,X,O,X,X,X
S2_NC_351,X,X,X,O,na,O,O,O,O,O,O,O,O,O,O,O,O,O,O,O,O,O,O,O,O,O,O,X,X,X,X,X,X,X,X,X,X,X
S2_NC_352,X,X,X,O,na,na,O,O,O,O,O,O,O,O,O,O,O,O,O,O,O,O,O,O,O,O,O,X,X,X,X,X,X,X,X,X,X,X
S2_NC_353,X,X,X,O,na,na,O,O,O,O,O,O,O,O,O,O,O,O,O,O,O,O,O,O,O,O,O,X,X,X,X,X,X,X,X,X,X,X
S2_NC_354,X,X,X,O,na,O,O,O,O,O,O,O,O,O,O,O,O,O,O,O,O,O,O,O,O,O,O,X,X,X,X,X,X,X,X,X,X,X
S2_NC_355,X,X,X,O,na,na,O,O,O,O,O,O,O,O,O,O,O,O,O,O,O,O,O,O,O,O,O,X,X,X,X,X,X,X,X,X,X,X
S2_NC_356,X,X,X,O,na,na,O,O,O,O,O,O,O,O,O,O,O,O,O,O,O,O,O,O,O,O,O,X,X,X,X,X,X,X,X,X,X,X
S2_NC_357,X,X,X,O,na,O,O,O,O,O,O,O,O,O,O,O,O,na,O,O,O,O,O,O,O,O,O,X,X,X,X,X,X,X,X,X,X,X
S2_NC_358,X,X,X,O,na,na,O,O,O,O,O,O,O,O,O,O,O,na,O,O,O,O,O,O,O,O,O,X,X,X,X,X,X,X,X,X,X,X
S2_NC_360,na,na,na,X,na,na,na,X,X,X,na,X,X,X,na,na,X,O,na,na,X,X,X,na,X,na,na,na,X,X,X,X,X,X,X,X,O,X
S2_NC_361,na,na,na,X,X,na,na,X,X,X,na,X,X,X,na,na,X,O,na,na,X,X,X,na,X,na,na,na,X,X,X,X,X,X,X,X,X,X
S2_HG_400,X,X,X,na,na,na,X,X,X,X,X,X,X,X,X,X,X,X,X,X,O,X,X,O,X,O,O,X,X,X,X,O,X,X,X,X,X,X
S2_HG_401,X,X,X,X,na,na,X,X,X,X,X,X,X,X,X,X,X,X,X,X,O,O,O,O,O,O,O,X,O,X,X,X,X,X,X,X,X,X
S2_HG_402,X,X,X,X,na,na,X,X,X,X,X,X,X,X,X,X,X,X,X,X,O,O,O,O,O,O,O,X,X,X,X,X,X,X,X,X,X,X
S2_HG_403,X,X,X,X,na,na,X,X,X,X,X,X,X,X,X,X,X,X,X,X,X,X,X,X,X,X,X,X,X,X,X,X,X,X,X,X,X,O
S2_HG_404,X,X,X,X,na,na,X,X,X,X,X,X,X,X,X,X,X,X,X,X,X,X,X,X,X,X,X,X,X,X,X,X,X,X,X,X,X,O
S2_HG_410,X,X,X,X,na,na,X,X,X,X,X,X,X,X,X,X,X,X,X,X,X,X,X,X,X,X,X,X,X,X,X,O,X,X,X,X,X,O
S2_HG_411,X,X,X,X,na,na,X,X,X,X,X,X,X,X,X,X,X,X,X,X,X,X,X,X,X,X,X,X,X,X,X,X,X,X,X,X,X,O
S2_HG_412,X,X,X,X,na,na,X,X,X,X,X,X,X,X,X,X,X,X,X,X,X,X,X,X,X,X,X,X,X,X,X,X,X,X,X,X,X,O
S2_HG_413,X,X,X,X,na,na,X,X,X,X,X,X,X,X,X,X,X,X,X,X,X,X,X,X,X,X,X,X,X,X,X,X,X,X,X,X,X,O
S2_HG_414,X,X,X,X,na,na,X,X,X,X,X,X,X,X,O,O,X,X,X,X,O,O,O,O,O,O,O,X,X,X,X,X,X,X,X,X,X,X
S2_HG_415,X,X,X,X,na,na,X,X,X,X,X,X,X,X,X,X,X,X,X,X,X,X,X,X,X,X,X,X,X,X,X,X,X,X,X,X,X,O
S2_HG_416,X,X,X,X,na,na,X,X,X,X,X,X,X,X,X,X,X,X,X,X,X,X,X,X,X,X,X,X,X,X,X,X,X,X,X,X,X,O
S2_HG_420,X,X,X,X,na,na,X,X,X,X,X,X,X,X,X,X,X,X,X,X,O,O,O,O,O,O,O,X,X,X,X,O,X,X,X,X,X,X
S2_HG_421,X,X,X,X,na,na,X,X,X,X,X,X,X,X,X,X,X,X,X,X,O,O,O,O,O,O,O,X,X,X,X,X,X,X,X,X,X,X
S2_HG_422,X,X,X,X,na,na,X,X,X,X,X,X,X,X,X,X,X,X,X,X,X,X,X,X,X,X,X,X,X,X,X,X,X,X,X,X,X,O
S2_HG_423,X,X,X,X,na,na,X,X,X,X,X,X,X,X,X,X,X,X,X,X,X,X,X,X,X,X,X,X,X,X,X,X,X,X,X,X,X,O
S2_HG_424,X,X,X,X,na,na,X,X,X,X,X,X,X,X,X,X,X,X,X,X,X,X,X,X,X,X,X,X,X,X,X,O,X,X,O,X,O,O
S2_HG_430,X,X,X,O,na,na,O,O,O,O,O,X,X,O,O,O,O,O,O,O,O,O,O,O,O,O,O,X,X,X,X,X,X,X,X,X,X,X
S2_HG_431,X,X,X,X,na,na,X,X,X,X,X,X,X,X,X,X,X,X,X,X,X,X,X,X,X,X,X,X,X,X,X,X,X,X,X,X,X,O
S2_HG_432,X,X,X,X,na,na,X,X,X,X,X,X,X,X,X,X,X,X,X,X,X,X,X,X,X,X,X,X,X,X,X,X,X,X,X,X,X,O
S2_HG_433,X,X,X,X,na,na,X,X,X,X,X,X,X,X,X,X,X,X,X,X,X,X,X,O,O,O,O,X,X,X,X,X,X,X,X,X,X,X
S2_HG_434,X,X,X,X,na,na,X,X,X,X,X,X,X,X,X,X,X,X,X,X,O,O,O,O,O,O,O,X,X,X,X,O,X,X,O,X,O,X
S2_HG_435,X,X,X,O,na,na,O,O,O,O,O,O,O,O,O,O,O,O,O,O,O,O,O,O,O,O,O,X,X,X,X,X,X,X,X,X,X,X
S2_HG_436,X,X,X,O,na,na,O,O,O,O,O,O,O,O,O,O,O,O,O,O,O,O,O,O,O,O,O,X,X,X,X,X,X,X,X,X,X,X
S2_HG_437,X,O,X,X,na,na,O,X,X,X,O,X,X,O,O,O,O,O,O,O,O,X,X,na,O,O,O,X,X,X,X,X,X,X,X,X,X,X
S2_HG_438,X,O,O,O,na,na,O,O,O,O,O,O,O,O,O,O,O,O,O,O,O,O,O,O,O,O,O,O,X,X,X,X,X,X,X,X,X,X
S2_HG_439,na,na,na,X,X,na,na,X,X,X,na,X,X,X,O,O,O,O,na,na,X,X,X,na,O,na,na,na,X,X,X,X,X,X,X,X,O,X
S2_HG_440,X,X,X,X,X,na,X,X,X,X,X,X,X,X,X,X,X,X,X,X,X,X,X,X,X,X,X,X,X,X,X,X,X,X,X,X,X,O
S2_HG_441,X,X,X,X,na,na,X,X,X,X,X,X,X,X,X,X,X,X,X,X,X,X,X,X,X,X,X,X,X,X,X,X,X,X,X,X,X,O
S2_HG_442,X,X,X,X,na,na,X,X,X,X,O,X,X,X,X,X,X,X,X,X,O,O,O,O,O,O,O,X,X,X,X,X,X,X,X,X,X,X
S2_HG_443,X,X,X,X,na,na,X,X,X,X,X,X,X,X,X,X,X,X,X,X,X,X,X,X,X,X,X,X,X,X,X,X,X,X,X,X,X,O
S2_HG_444,X,X,X,X,na,na,X,X,X,X,X,X,X,X,X,X,X,X,X,X,X,X,X,X,X,X,X,X,X,X,X,O,X,X,X,X,X,O
S2_HG_445,X,X,X,X,na,na,X,X,X,X,O,X,X,X,X,X,X,X,X,X,O,O,O,O,O,O,O,X,X,X,X,X,X,X,X,X,X,X
S2_HG_446,X,X,X,X,na,na,X,X,X,X,X,X,X,X,X,X,X,X,X,X,X,X,X,X,X,X,X,X,O,X,X,O,X,X,X,X,O,O
S2_HG_447,X,na,na,na,na,na,na,na,na,na,na,X,X,na,X,X,X,X,na,na,na,na,na,na,X,na,na,na,O,X,X,O,X,X,X,X,X,O
S2_HG_450,X,X,X,O,X,na,O,O,O,O,O,O,O,O,O,O,O,O,O,O,O,O,O,O,O,O,O,X,X,X,X,X,X,X,X,X,O,X
S2_HG_451,X,O,O,X,na,na,X,X,X,X,X,X,X,O,X,X,O,O,X,X,O,O,O,O,O,O,O,O,X,X,X,X,X,X,X,X,O,X
S2_HG_452,X,X,X,X,na,na,X,X,X,X,X,X,X,X,X,X,X,X,X,X,X,X,X,X,X,X,X,X,X,X,X,X,X,X,X,X,O,O
S2_HG_453,X,X,X,X,na,na,X,X,X,X,X,X,X,X,X,X,X,X,X,X,X,X,X,X,X,X,X,X,X,X,X,X,X,X,X,X,O,O
S2_HG_454,X,X,X,X,na,na,X,X,X,X,X,X,X,X,X,X,X,X,X,X,X,X,X,X,X,X,X,X,X,X,X,X,X,X,X,X,X,O
S2_HG_455,X,X,X,X,na,na,X,X,X,X,X,X,X,X,X,X,X,X,X,X,X,X,X,X,X,X,X,X,X,X,X,X,X,X,X,X,X,O
S2_HG_456,X,X,X,X,na,na,X,X,X,X,X,X,X,X,X,X,X,X,X,X,X,X,X,X,X,X,X,X,X,X,X,X,X,X,X,X,X,O
S2_HG_460,X,O,O,O,X,na,O,O,O,O,O,X,X,X,O,O,O,O,O,O,O,O,O,O,O,O,O,O,X,X,X,O,X,X,X,X,X,X
S2_HG_461,X,X,X,X,na,na,X,X,X,X,X,X,X,X,X,X,X,X,X,X,X,X,X,X,X,X,X,X,X,X,X,O,X,X,X,X,X,O
S2_HG_462,X,X,X,X,na,na,X,X,X,X,X,X,X,X,X,X,X,X,X,X,X,X,X,X,X,X,X,X,X,X,X,O,X,X,X,X,X,O
S2_HG_463,X,X,X,X,na,na,X,X,X,X,X,X,X,X,X,X,X,X,X,X,X,X,X,X,X,X,X,X,X,X,X,X,X,X,X,X,X,O
S2_HG_470,X,O,O,O,na,na,O,O,O,O,O,X,X,O,O,O,O,O,O,O,O,O,O,O,O,O,O,O,X,X,X,X,X,X,X,X,X,X
S2_HG_471,X,X,X,X,na,na,X,X,X,X,X,X,X,X,X,X,X,X,X,X,X,X,X,X,X,X,X,X,X,X,X,X,X,X,X,X,X,O
S2_HG_472,X,O,O,O,na,na,O,O,O,O,O,X,X,O,O,O,O,O,O,O,O,O,O,O,O,O,O,X,X,X,X,X,X,X,X,X,X,X
S2_HG_473,X,X,X,X,na,na,X,X,X,X,X,X,X,X,X,X,X,X,X,X,X,X,X,X,X,X,X,X,X,X,X,X,X,X,X,X,X,O
S2_HG_474,X,X,X,X,na,na,X,X,X,X,X,X,X,X,X,X,X,X,X,X,X,X,X,X,X,X,X,X,X,X,X,X,X,X,X,X,X,O
S2_HG_475,X,X,X,X,na,na,X,X,X,X,X,X,X,X,X,X,X,X,X,X,X,X,X,X,X,X,X,X,X,X,X,X,X,X,X,X,X,O
S2_HG_476,X,X,X,X,na,na,X,X,X,X,X,X,X,X,X,X,X,X,X,X,X,X,X,X,X,X,X,X,X,X,X,X,X,X,X,X,X,O
S2_HG_477,X,X,X,X,na,na,X,X,X,X,X,X,X,X,X,X,X,X,X,X,X,X,X,X,X,X,X,X,X,X,X,X,X,X,X,X,X,O
S2_HG_480,X,O,O,O,na,na,O,O,O,O,O,O,O,O,O,O,O,O,O,O,O,O,O,O,O,O,O,O,X,X,X,X,X,X,X,X,X,X
S2_HG_481,X,X,X,X,na,na,X,X,X,X,X,X,X,X,X,X,X,X,X,X,X,X,X,X,O,X,X,X,X,X,X,X,X,X,X,X,X,X
S2_HG_482,X,X,X,X,na,na,X,X,X,X,X,X,X,X,X,X,X,X,X,X,X,X,X,X,X,X,X,X,X,X,X,X,X,X,X,X,X,O
S2_HG_483,X,X,X,X,na,na,X,X,X,X,X,X,X,X,X,X,O,O,O,O,X,X,X,X,O,X,X,X,X,X,X,X,X,X,X,X,X,X
S2_HG_484,X,X,X,X,na,na,X,X,X,X,X,X,X,X,X,X,X,X,X,X,X,X,X,X,X,X,X,na,X,X,X,X,X,X,X,X,X,O
S2_HG_485,X,O,O,O,na,na,O,O,O,O,O,X,X,O,O,O,O,O,O,O,O,O,O,O,O,O,O,O,X,X,X,X,X,X,X,X,X,X
S2_HG_486,X,X,X,X,na,na,X,X,X,X,X,X,X,X,X,X,X,X,X,X,X,X,X,X,X,X,X,X,X,X,X,X,X,X,X,X,X,O
S2_HG_487,X,X,X,X,na,na,O,X,X,X,X,X,X,X,O,O,O,O,X,X,X,X,X,X,O,X,X,X,X,X,X,X,X,X,X,X,X,X
S2_HG_488,X,X,X,X,na,na,X,X,X,X,X,X,X,X,X,X,X,X,X,X,X,X,X,X,X,X,X,X,X,X,X,X,X,X,X,X,X,O
S2_HG_489,X,X,X,X,na,na,X,X,X,X,X,X,X,X,X,X,X,X,X,X,X,X,X,X,X,X,X,X,X,X,X,X,X,X,X,X,X,O
S2_HG_490,X,X,X,X,na,na,X,X,X,X,X,X,X,X,X,X,X,X,X,X,O,O,O,O,O,O,O,X,X,X,X,X,X,O,X,X,X,X
S2_HG_491,X,X,X,X,na,na,X,X,X,X,X,X,X,X,X,X,X,X,X,X,X,X,X,X,X,X,X,X,X,X,X,X,X,X,X,X,X,O
S2_HG_492,X,X,X,X,na,na,X,X,X,X,na,X,X,O,O,O,O,O,X,X,X,X,X,na,O,X,X,na,X,X,X,X,X,X,X,X,X,X
S2_HG_493,X,O,O,O,na,na,O,O,O,O,O,O,O,O,O,O,O,O,O,O,O,O,O,O,O,O,O,O,X,X,X,X,X,X,X,X,X,X
S2_HG_494,X,X,X,X,na,na,O,X,X,X,X,X,X,X,X,X,X,X,O,O,X,X,X,X,X,X,X,X,X,X,X,X,X,X,X,X,X,X
S2_HG_495,na,na,na,X,na,na,na,X,X,X,na,X,X,O,O,O,O,O,na,na,X,X,X,na,O,na,na,na,X,X,X,X,X,X,X,X,X,X
S2_HG_496,na,na,na,X,na,na,na,X,X,X,na,X,X,X,X,X,X,X,na,na,X,X,X,na,X,na,na,na,X,X,X,X,X,X,X,X,X,O
S2_HG_500,na,na,na,X,X,X,na,X,X,X,na,X,X,X,X,X,X,X,na,na,X,X,X,na,X,na,na,na,X,X,X,X,X,X,X,X,O,O
S2_HG_501,na,na,na,X,na,na,na,X,X,X,na,X,X,X,X,X,X,X,na,na,X,X,X,na,X,na,na,na,X,X,X,X,X,X,X,X,X,O
S2_HG_502,na,na,na,X,X,na,na,X,X,X,na,X,X,X,X,X,X,X,na,na,X,X,X,na,X,na,na,na,X,X,X,X,X,X,X,X,O,O
S2_HG_503,na,na,na,X,X,na,na,X,X,X,na,X,X,X,X,X,X,X,na,na,X,X,X,na,X,na,na,na,X,X,X,X,X,X,X,X,O,O
S2_HG_504,na,na,na,X,na,na,na,X,X,X,na,X,X,X,X,X,X,O,na,na,X,X,X,na,X,na,na,na,X,X,X,X,X,X,X,X,O,X
S2_HG_505,na,na,na,X,X,na,na,X,X,X,na,X,X,X,X,X,X,O,na,na,X,X,X,na,X,na,na,na,X,X,X,X,X,X,X,X,O,X
S2_HG_506,na,na,na,X,X,na,na,X,X,X,na,X,X,X,na,na,X,X,na,na,X,X,X,na,X,na,na,na,X,X,X,X,X,X,X,X,O,O
S2_HG_510,na,na,na,X,X,na,na,X,X,X,na,X,X,X,na,na,X,O,na,na,X,X,X,na,X,na,na,na,X,X,X,X,X,X,X,X,O,X
S2_HG_511,na,na,na,X,X,na,na,X,X,X,na,X,X,X,na,na,X,O,na,na,X,X,X,na,X,na,na,na,X,X,X,X,X,X,X,X,O,X
S2_NVI_600,X,X,X,X,na,na,O,O,O,X,O,O,O,O,O,O,X,X,O,O,X,O,O,O,X,O,O,X,X,X,X,X,X,X,X,X,X,X
S2_NVI_601,O,O,O,X,na,na,O,O,O,X,O,O,O,O,O,O,X,X,O,O,X,O,O,O,X,O,O,O,X,X,X,X,X,X,X,X,X,X
S2_NVI_602,O,O,O,X,na,X,O,O,O,X,O,O,O,O,O,O,X,X,O,O,X,O,O,O,X,O,O,O,X,X,X,X,X,X,X,X,O,X
S2_NVI_603,X,X,X,O,na,O,O,O,O,O,O,O,O,O,O,O,O,O,O,O,O,O,O,O,O,O,O,X,X,X,O,X,O,X,X,X,O,X
S2_NVI_604,O,O,O,X,na,X,O,O,O,X,O,O,O,O,O,O,X,X,O,O,X,O,O,O,X,O,O,O,X,X,X,X,X,X,X,X,O,X
S2_NVI_605,X,X,X,O,na,na,O,O,O,O,O,O,O,O,O,O,O,O,O,O,O,O,O,O,O,O,O,X,X,X,X,X,X,X,X,X,X,X
S2_NVI_606,O,O,O,X,na,X,O,O,O,X,O,O,O,O,O,O,X,X,O,O,X,O,O,O,X,O,O,O,O,X,X,O,X,X,X,X,X,X
S2_NVI_607,X,X,X,X,na,X,O,O,O,X,O,O,O,O,O,O,X,X,O,O,X,O,O,O,X,O,O,X,O,X,X,O,X,X,X,X,X,X
S2_NVI_608,X,X,X,X,na,X,O,O,O,X,O,O,O,O,O,O,X,X,O,O,X,O,O,O,X,O,O,X,X,X,X,X,X,X,X,X,X,X
S2_NVI_609,O,O,O,X,na,X,O,O,O,X,O,O,O,O,O,O,X,X,O,O,X,O,O,O,X,O,O,O,X,X,X,X,X,X,O,X,X,X
S2_NVI_610,X,X,X,X,na,X,O,O,O,X,O,O,O,O,O,O,X,X,O,O,X,O,O,O,X,O,O,X,X,X,X,X,X,X,X,X,X,X
S2_NVI_611,O,O,O,X,na,X,O,O,O,X,O,O,O,O,O,O,X,X,O,O,X,O,O,O,X,O,O,O,X,X,X,X,O,X,X,X,X,X
S2_NVI_612,O,O,O,X,na,X,O,O,O,X,O,O,O,O,O,O,X,X,O,O,X,O,O,O,X,O,O,O,O,X,O,O,O,X,O,X,O,X
S2_NVI_613,O,O,O,X,na,na,O,O,O,X,O,O,O,O,O,O,X,X,O,O,X,O,O,O,X,O,O,O,O,X,O,O,O,X,O,X,O,X
S2_NVI_614,X,X,X,O,na,O,O,O,O,O,O,O,O,O,O,O,O,O,O,O,O,O,O,O,O,O,O,X,X,X,X,X,X,X,X,X,O,X
S2_NVI_615,O,O,O,X,na,na,O,O,O,X,O,O,O,O,O,O,X,X,O,O,X,O,O,O,X,O,O,O,X,X,X,X,X,X,X,X,X,X
S2_NVI_616,X,X,X,X,na,na,O,O,O,X,O,O,O,O,O,O,X,X,O,O,X,O,O,O,X,O,O,X,X,X,X,X,X,X,X,X,X,X
S2_NVI_617,X,X,X,O,na,na,O,O,O,O,O,O,O,O,O,O,O,O,O,O,O,O,O,O,O,O,O,X,X,X,X,X,X,X,X,X,X,X
S2_NVI_618,O,O,O,X,na,X,O,O,O,X,O,O,O,O,O,O,X,X,O,O,X,O,O,O,X,O,O,O,X,X,X,O,X,X,X,X,O,X
S2_NVI_619,X,X,X,O,na,na,O,O,O,O,O,O,O,O,O,O,O,O,O,O,O,O,O,O,O,O,O,X,X,X,X,X,X,X,X,X,X,X
S2_NVI_620,X,X,X,O,na,na,O,O,O,O,O,O,O,O,O,O,O,O,O,O,O,O,O,O,O,O,O,X,X,X,X,X,X,X,X,X,X,X
S2_NVI_621,O,O,O,X,na,na,O,O,O,X,O,O,O,O,O,O,X,X,O,O,X,O,O,O,X,O,O,O,X,X,X,X,X,X,X,X,O,X
S2_NVI_622,O,O,O,X,na,na,O,O,O,X,O,O,O,O,O,O,X,X,O,O,X,O,O,O,X,O,O,O,X,X,X,X,X,X,X,X,O,X
S2_NVI_623,O,O,O,X,na,na,O,O,O,X,O,O,O,O,O,O,X,X,O,O,X,O,O,O,X,O,O,O,X,X,X,X,X,X,X,X,X,X
S2_NVI_624,O,O,O,X,na,na,O,O,O,X,O,O,O,O,O,O,X,X,O,O,X,O,O,O,X,O,O,O,X,X,X,X,X,X,X,X,O,X
S2_NVI_625,O,O,O,X,na,na,O,O,O,X,O,O,O,O,O,O,X,X,O,O,X,O,O,O,X,O,O,O,X,X,X,X,X,X,X,X,X,X
S2_NVI_626,O,O,O,X,na,X,O,O,O,X,O,O,O,O,O,O,X,X,O,O,X,O,O,O,X,O,O,O,X,X,X,X,X,X,X,X,O,X
S2_NVI_627,O,O,O,X,na,X,O,O,O,X,O,O,O,O,O,O,X,X,O,O,X,O,O,O,X,O,O,O,X,X,X,X,X,X,X,X,X,X
S2_NVI_628,O,O,O,X,na,X,O,O,O,X,O,O,O,O,O,O,X,X,O,O,X,O,O,O,X,O,O,O,X,X,X,X,X,X,X,X,X,X
S2_NVI_629,O,O,O,X,na,X,O,O,O,X,O,O,O,O,O,O,X,X,O,O,X,O,O,O,X,O,O,O,X,X,X,X,X,X,X,X,X,X
S2_NVI_630,O,O,O,X,na,X,O,O,O,X,O,O,O,O,O,O,X,X,O,O,X,O,O,O,X,O,O,O,X,X,X,X,X,X,X,X,X,X
S2_NVI_631,O,O,O,X,na,na,O,O,O,X,O,O,O,O,O,O,X,X,O,O,X,O,O,O,X,O,O,O,X,X,X,X,X,X,X,X,X,X
S2_NVI_632,X,X,X,X,na,na,O,O,O,X,O,O,O,O,O,O,X,X,O,O,X,O,O,O,X,O,O,X,X,X,X,X,X,X,X,X,X,X
S2_NVI_633,O,O,O,X,na,X,O,O,O,X,O,O,O,O,O,O,X,X,O,O,X,O,O,O,X,O,O,O,X,X,X,X,X,X,X,X,X,X
S2_NVI_634,O,O,O,X,na,X,O,O,O,X,O,O,O,O,O,O,X,X,O,O,X,O,O,O,X,O,O,O,X,X,X,X,X,X,X,X,X,X
S2_NVI_635,O,O,O,X,na,na,O,O,O,X,O,O,O,O,O,O,X,X,O,O,X,O,O,O,X,O,O,O,X,X,X,X,X,X,X,X,O,X
S2_NVI_636,X,X,X,X,na,na,O,O,O,X,O,O,O,O,O,O,X,X,O,O,X,O,O,O,X,O,O,X,X,X,X,X,X,X,X,X,X,X
S2_NVI_637,X,X,X,X,na,na,O,O,O,X,O,O,O,O,O,O,X,X,O,O,X,O,O,O,X,O,O,X,O,X,X,O,X,X,X,X,O,X
S2_NVI_638,X,X,X,O,na,na,O,O,O,O,O,O,O,O,O,O,O,O,O,O,O,O,O,O,O,O,O,X,O,X,X,X,X,X,X,X,O,X
S2_NVI_639,X,X,X,O,na,na,O,O,O,O,O,O,O,O,O,O,O,O,O,O,O,O,O,O,O,O,O,X,X,X,X,X,X,X,X,X,O,X
S2_NVI_640,O,O,O,X,na,na,O,O,O,X,O,O,O,O,O,O,X,X,O,O,X,O,O,O,X,O,O,O,O,X,X,X,X,X,X,X,O,X
S2_NVI_641,X,X,X,O,na,na,O,O,O,O,O,O,O,O,O,O,O,O,O,O,O,O,O,O,O,O,O,X,O,X,X,O,X,X,X,X,O,X
S2_NVI_642,X,X,X,X,na,na,O,O,O,X,O,O,O,O,O,O,X,X,O,O,X,O,O,O,X,O,O,X,O,X,X,X,X,X,X,X,O,X
S2_NVI_643,O,O,O,X,na,X,O,O,O,X,O,O,O,O,O,O,X,X,O,O,X,O,O,O,X,O,O,O,X,X,X,O,X,X,X,X,O,X
S2_NVI_644,X,X,X,X,na,X,O,O,O,X,O,O,O,O,O,O,X,X,O,O,X,O,O,O,X,O,O,X,X,X,X,O,X,X,X,X,O,X
S2_NVI_645,X,X,X,X,na,X,O,O,O,X,O,O,O,O,O,O,X,X,O,O,X,O,O,O,X,O,O,X,X,X,X,X,X,X,X,X,O,X
S2_NVI_646,X,X,X,O,na,O,O,O,O,O,O,O,O,O,O,O,O,O,O,O,O,O,O,O,O,O,O,X,X,X,X,X,X,X,X,X,X,X
S2_NVI_647,X,X,X,O,na,O,O,O,O,O,O,O,O,O,O,O,O,O,O,O,O,O,O,O,O,O,O,X,X,X,X,O,X,X,X,X,X,X
S2_NVI_648,O,O,O,X,na,X,O,O,O,X,O,O,O,O,O,O,X,X,O,O,X,O,O,O,X,O,O,O,X,X,X,X,X,X,X,X,X,X
S2_NVI_649,X,X,X,O,na,na,O,O,O,O,O,O,O,O,O,O,O,O,O,O,O,O,O,O,O,O,O,X,X,X,X,O,X,X,X,X,X,X
S2_NVI_650,O,O,O,X,na,na,O,O,O,X,O,O,O,O,O,O,X,X,O,O,X,O,O,O,X,O,O,O,X,X,X,X,X,X,X,X,X,X
S2_NVI_651,O,O,O,X,na,X,O,O,O,X,O,O,O,O,O,O,X,X,O,O,X,O,O,O,X,O,O,O,X,X,X,X,X,X,X,X,X,X
S2_NVI_652,O,O,O,X,na,X,O,O,O,X,O,O,O,O,O,O,X,X,O,O,X,O,O,O,X,O,O,O,X,X,X,X,X,X,X,X,X,X
S2_NVI_653,O,O,O,X,na,na,O,O,O,X,O,O,O,O,O,O,X,X,O,O,X,O,O,O,X,O,O,O,X,X,X,O,X,X,X,X,X,X
S2_NVI_654,O,O,O,X,na,X,O,O,O,X,O,O,O,O,O,O,X,X,O,O,X,O,O,O,X,O,O,O,X,X,X,X,X,X,X,X,X,X
S2_NVI_655,X,X,X,O,na,na,O,O,O,O,O,O,O,O,O,O,O,O,O,O,O,O,O,O,O,O,O,X,X,X,X,X,X,X,X,X,X,X
S2_NVI_656,O,O,O,X,na,X,O,O,O,X,O,O,O,O,O,O,X,X,O,O,X,O,O,O,X,O,O,O,X,X,X,X,X,X,X,X,X,X
S2_NVI_657,O,O,O,X,na,na,O,O,O,X,O,O,O,O,O,O,X,X,O,O,X,O,O,O,X,O,O,O,X,X,X,O,X,X,O,X,O,X
S2_NVI_658,X,X,X,O,na,na,O,O,O,O,O,O,O,O,O,O,O,O,O,O,O,O,O,O,O,O,O,X,X,X,X,X,X,X,X,X,X,X
S2_NVI_659,O,O,O,X,na,na,O,O,O,X,O,O,O,O,O,O,X,X,O,O,X,O,O,O,X,O,O,O,X,X,X,X,X,X,X,X,O,X
S2_NVI_660,O,O,O,X,na,na,O,O,O,X,O,O,O,O,O,O,X,X,O,O,X,O,O,O,X,O,O,O,X,X,X,X,X,X,X,X,O,X
S2_NVI_661,O,O,O,X,na,X,O,O,O,X,O,O,O,O,O,O,X,X,O,O,X,O,O,O,X,O,O,O,X,X,X,X,X,X,X,X,X,X
S2_NVI_662,O,O,O,X,na,X,O,O,O,X,O,O,O,O,O,O,X,X,O,O,X,O,O,O,X,O,O,O,X,X,X,X,X,X,X,X,X,X
S2_NVI_663,X,X,X,O,na,na,O,O,O,O,O,O,O,O,O,O,O,O,O,O,O,O,O,O,O,O,O,X,X,X,X,X,X,X,X,X,X,X
S2_NVI_664,X,X,X,O,na,na,O,O,O,O,O,O,O,O,O,O,O,O,O,O,O,O,O,O,O,O,O,X,X,X,X,O,X,X,O,X,O,X
S2_NVI_665,O,O,O,X,na,na,O,O,O,X,O,O,O,O,O,O,X,X,O,O,X,O,O,O,X,O,O,O,X,X,X,O,X,X,X,X,O,X
S2_NVI_666,X,X,X,O,na,na,O,O,O,O,O,O,O,O,O,O,O,O,O,O,O,O,O,O,O,O,O,X,X,X,X,O,X,X,X,X,O,X
S2_NVI_667,X,X,X,O,na,O,O,O,O,O,O,O,O,O,O,O,O,O,O,O,O,O,O,O,O,O,O,X,X,X,X,X,X,X,X,X,O,X
S2_NVI_668,X,X,X,X,na,na,O,O,O,X,O,O,O,O,O,O,X,X,O,O,X,O,O,O,X,O,O,X,X,X,X,X,X,X,X,X,O,X
S2_NVI_669,O,O,O,X,na,na,O,O,O,X,O,O,O,O,O,O,X,X,O,O,X,O,O,O,X,O,O,O,X,X,X,X,X,X,X,X,O,X
S2_NVI_670,O,O,O,X,na,na,O,O,O,X,O,O,O,O,O,O,X,X,O,O,X,O,O,O,X,O,O,O,X,X,X,X,X,X,X,X,O,X
S2_NVI_671,O,O,O,X,na,na,O,O,O,X,O,O,O,O,O,O,X,X,O,O,X,O,O,O,X,O,O,O,X,X,X,O,X,X,X,X,X,X
S2_NVI_672,O,O,O,X,na,na,O,O,O,X,O,O,O,O,O,O,X,X,O,O,X,O,O,O,X,O,O,O,X,X,X,X,X,X,X,X,X,X
S2_NVI_673,X,X,X,O,na,na,O,O,O,O,O,O,O,O,O,O,O,O,O,O,O,O,O,O,O,O,O,X,X,X,X,X,X,X,X,X,X,X
S2_NVI_674,X,X,X,X,na,na,O,O,O,X,O,O,O,O,O,O,X,X,O,O,X,O,O,O,X,O,O,X,X,X,X,X,X,X,X,X,X,X
S2_NVI_675,O,O,O,X,na,na,O,O,O,X,O,O,O,O,O,O,X,X,O,O,X,O,O,O,X,O,O,na,X,X,X,X,X,X,X,X,O,X
S2_NVI_676,X,X,X,X,na,na,O,O,O,X,O,O,O,O,O,O,X,X,O,O,X,O,O,O,X,O,O,X,X,X,X,X,X,X,X,X,O,X
S2_NVI_677,X,X,X,O,na,O,O,O,O,O,O,O,O,O,O,O,O,O,O,O,O,O,O,O,O,O,O,X,X,X,X,X,X,X,X,X,O,X
S2_NVI_678,X,X,X,O,na,na,O,O,O,O,O,O,O,O,O,O,O,O,O,O,O,O,O,O,O,O,O,X,X,X,X,X,X,X,X,X,X,X
S2_NVI_679,X,X,X,O,na,na,O,O,O,O,O,O,O,O,O,O,O,O,O,O,O,O,O,O,O,O,O,X,X,X,X,X,X,X,X,X,X,X
S2_NVI_680,X,X,X,X,na,X,O,O,O,X,O,O,O,O,O,O,X,X,O,O,X,O,O,O,X,O,O,X,X,X,X,X,X,X,X,X,X,X
S2_NVI_681,O,O,O,X,na,X,O,O,O,X,O,O,O,O,O,O,X,X,O,O,X,O,O,O,X,O,O,O,X,X,X,X,X,X,X,X,X,X
S2_NVI_682,X,X,X,O,na,na,O,O,O,O,O,O,O,O,O,O,O,O,O,O,O,O,O,O,O,O,O,X,X,X,X,X,X,X,X,X,X,X
S2_NVI_683,O,O,O,X,X,na,O,O,O,X,O,O,O,O,O,O,X,X,O,O,X,O,O,O,X,O,O,O,X,X,X,X,X,X,X,X,O,X
S2_NVI_684,X,X,X,X,na,na,O,O,O,X,O,O,O,O,O,O,X,X,O,O,X,O,O,O,X,O,O,X,X,X,X,X,X,X,X,X,X,X
S2_NVI_685,X,X,X,O,na,na,O,O,O,O,O,O,O,O,O,O,O,O,O,O,O,O,O,O,O,O,O,X,X,X,X,X,X,X,X,X,X,X
S2_NVI_686,X,X,X,O,na,na,O,O,O,O,O,O,O,O,O,O,O,O,O,O,O,O,O,O,O,O,O,X,X,X,X,X,X,X,X,X,O,X
S2_NVI_687,O,O,O,X,na,na,O,O,O,X,O,O,O,O,O,O,X,X,O,O,X,O,O,O,X,O,O,O,X,X,X,O,X,X,X,X,X,X
S2_NVI_688,X,X,X,O,na,na,O,O,O,O,O,O,O,O,O,O,O,O,O,O,O,O,O,O,O,O,O,X,X,X,X,X,X,X,X,X,X,X
S2_NVI_689,X,X,X,X,na,na,O,O,O,X,O,O,O,O,O,O,X,X,O,O,X,O,O,O,X,O,O,X,X,X,X,X,X,X,X,X,X,X
S2_NVI_690,O,O,O,X,na,na,O,O,O,X,O,O,O,O,O,O,X,X,O,O,X,O,O,O,X,O,O,O,X,X,X,X,X,X,X,X,X,X
S2_NVI_691,X,X,X,X,na,na,O,O,O,X,O,O,O,O,O,O,X,X,O,O,X,O,O,O,X,O,O,X,X,X,X,X,X,X,X,X,X,X
S2_NVI_692,X,X,X,O,na,na,O,O,O,O,O,O,O,O,O,O,O,O,O,O,O,O,O,O,O,O,O,X,X,X,X,X,X,X,X,X,X,X
S2_NVI_693,X,X,X,X,na,na,O,O,O,X,O,O,O,O,O,O,X,X,O,O,X,O,O,O,X,O,O,X,X,X,X,X,X,X,X,X,X,X
S2_NC_700,X,X,X,O,na,O,O,O,O,O,O,O,O,O,O,O,O,O,O,O,O,O,O,O,O,O,O,X,X,X,X,X,X,X,X,X,X,X
S2_NC_701,X,X,X,O,na,O,O,O,O,O,O,O,O,O,O,O,O,O,O,O,O,O,O,O,O,O,O,X,X,X,X,X,X,X,X,X,O,X
S2_NC_702,X,X,X,O,na,O,O,O,O,O,O,O,O,O,O,O,O,O,O,O,O,O,O,O,O,O,O,X,X,X,X,X,X,X,X,X,X,X
S2_NC_703,X,X,X,O,na,na,O,O,O,O,O,O,O,O,O,O,O,O,O,O,O,O,O,O,O,O,O,X,X,X,X,X,X,X,X,X,X,X
S2_NC_704,X,X,X,O,na,O,O,O,O,O,O,O,O,O,O,O,O,O,O,O,O,O,O,O,O,O,O,X,X,X,X,X,X,X,X,X,X,X
S2_NC_705,X,na,na,X,na,X,O,O,O,X,na,O,O,O,O,O,X,X,O,O,X,O,O,na,X,O,O,na,X,X,X,X,X,X,X,X,O,X
S2_NC_706,X,X,X,O,na,O,O,O,O,O,O,O,O,O,O,O,O,O,O,O,O,O,O,O,O,O,O,X,X,X,X,X,X,X,X,X,X,X
S2_NC_707,X,na,na,X,na,X,O,O,O,X,na,O,O,O,O,O,X,X,O,O,X,O,O,na,X,O,O,na,X,O,X,X,X,X,X,X,O,X
S2_NC_708,X,X,X,O,na,O,O,O,O,O,O,O,O,O,O,O,O,O,O,O,O,O,O,O,O,O,O,na,X,X,X,X,X,X,X,X,X,X
S2_NC_709,X,O,O,X,na,X,O,O,O,X,O,O,O,O,O,O,X,X,O,O,X,O,O,O,X,O,O,O,X,X,X,X,X,X,X,X,X,X
S2_NC_710,X,X,X,X,na,X,O,O,O,X,O,O,O,O,O,O,X,X,O,O,X,O,O,O,X,O,O,X,X,X,X,X,X,X,X,X,X,X
S2_NC_711,X,X,X,O,na,O,O,O,O,O,O,O,O,O,O,O,O,O,O,O,O,O,O,O,O,O,O,X,X,X,X,X,X,X,X,X,X,X
S2_NC_712,X,X,X,O,na,O,O,O,O,O,O,O,O,O,O,O,O,O,O,O,O,O,O,O,O,O,O,X,X,X,X,X,X,X,X,X,X,X
S2_NC_713,X,X,X,O,na,na,O,O,O,O,O,O,O,O,O,O,O,O,O,O,O,O,O,O,O,O,O,X,X,X,X,X,X,X,X,X,X,X
S2_NC_714,X,X,X,O,na,O,O,O,O,O,O,O,O,O,O,O,O,O,O,O,O,O,O,O,O,O,O,X,X,X,X,X,X,X,X,X,X,X
S2_NC_715,X,X,X,O,na,O,O,O,O,O,O,O,O,O,O,O,O,O,O,O,O,O,O,O,O,O,O,X,X,X,X,X,X,X,X,X,X,X
S2_NC_716,X,X,X,O,na,na,O,O,O,O,O,O,O,O,O,O,O,O,O,O,O,O,O,X,O,O,O,X,X,X,X,X,X,X,X,X,X,X
S2_NC_717,X,X,X,O,na,na,O,O,O,O,O,O,O,O,O,O,O,O,O,O,O,O,O,O,O,O,O,X,X,X,X,X,X,X,X,X,X,X
S2_NC_718,X,X,X,O,na,na,O,O,O,O,O,O,O,O,O,O,O,O,O,O,O,O,O,O,O,O,O,X,X,X,X,X,X,X,X,X,X,X
S2_NC_719,X,X,X,O,na,na,O,O,O,O,O,O,O,O,O,O,O,O,O,O,O,O,O,O,O,O,O,X,X,X,X,X,X,X,X,X,X,X
S2_NC_720,X,X,X,O,na,na,O,O,O,O,O,O,O,O,O,O,O,O,O,O,O,O,O,O,O,O,O,X,X,X,X,X,X,X,X,X,X,X
S2_NC_721,X,X,X,O,na,na,O,O,O,O,O,O,O,O,O,O,O,O,O,O,O,O,O,O,O,O,O,X,X,X,X,X,X,X,X,X,X,X
S2_NC_722,X,X,X,O,na,na,O,O,O,O,O,O,O,O,O,O,O,O,O,O,O,O,O,O,O,O,O,X,X,X,X,X,X,X,X,X,X,X
S2_NC_723,X,X,X,O,na,na,O,O,O,O,O,O,O,O,O,O,O,O,O,O,O,O,O,O,O,O,O,X,X,X,X,X,X,X,X,X,X,X
S2_NVI_800,X,X,X,O,X,na,na,O,O,O,O,X,X,O,X,X,O,O,na,na,O,O,O,O,O,na,na,X,X,O,X,X,X,X,X,X,O,X
S2_NVI_801,na,na,na,O,O,na,na,O,O,O,na,X,X,O,X,X,O,O,na,na,O,O,O,na,O,na,na,na,X,X,X,X,X,X,X,X,O,X
S2_NVI_802,X,X,X,O,na,na,na,O,O,O,O,X,X,O,X,X,O,O,na,na,O,O,O,O,O,na,na,X,X,O,X,X,X,X,X,X,X,X
S2_NVI_803,na,na,na,X,na,na,na,O,O,X,na,X,X,O,X,X,X,X,na,na,X,O,O,na,X,na,na,na,X,X,X,X,X,X,X,X,X,X
S2_NVI_804,X,X,X,X,na,na,na,O,O,X,O,X,X,O,X,X,X,X,na,na,X,O,O,O,X,na,na,X,X,X,X,X,X,X,X,X,X,X
S2_NVI_805,na,na,na,X,na,na,na,O,O,X,na,X,X,O,X,X,X,X,na,na,X,O,O,na,X,na,na,na,X,X,X,X,X,X,X,X,X,X
S2_NVI_806,na,na,na,O,na,na,na,O,O,O,na,X,X,O,X,X,O,O,na,na,O,O,O,na,O,na,na,na,X,X,X,X,X,X,X,X,X,X
S2_NVI_807,X,X,X,X,na,na,na,O,O,X,na,X,X,O,X,X,X,X,na,na,X,O,O,na,X,na,na,X,X,X,X,X,X,X,X,X,X,X
S2_NVI_808,X,X,X,X,na,na,na,O,O,X,na,X,X,O,X,X,X,X,na,na,X,O,O,na,X,na,na,X,X,X,X,X,X,X,X,X,X,X
S2_NVI_809,X,X,X,O,na,na,na,O,O,O,na,X,X,O,X,X,O,O,na,na,O,O,O,na,O,na,na,X,X,X,X,X,X,X,X,X,X,X
S2_NVI_810,X,X,X,X,na,na,X,X,X,X,X,X,X,X,X,X,X,X,X,X,X,X,X,X,X,X,X,X,X,X,X,X,X,X,X,X,X,O
S2_NVI_811,X,X,X,X,na,na,X,X,X,X,X,X,X,X,X,X,X,X,X,X,X,X,X,X,X,X,X,X,X,X,X,X,X,X,X,X,X,O
S2_NVI_812,X,X,X,X,na,na,X,X,X,X,X,X,X,X,X,X,X,X,X,X,X,X,X,X,X,X,X,X,X,X,X,X,X,X,X,X,X,O
S2_NVI_813,X,X,X,X,na,na,X,X,X,X,X,X,X,X,X,X,X,X,X,X,X,X,X,X,X,X,X,X,X,X,X,X,X,X,X,X,X,O
S2_NVI_814,na,na,na,X,X,na,na,O,O,X,na,X,X,O,X,X,X,X,na,na,X,O,O,na,X,na,na,na,X,X,X,X,X,X,X,X,X,X
S2_CC_820,na,na,na,O,X,na,na,O,O,O,na,X,X,O,X,X,O,O,na,na,O,O,O,na,O,na,na,na,X,X,X,X,X,X,X,X,O,X
S2_CC_821,na,na,na,O,O,na,na,O,O,O,na,X,X,O,X,X,O,O,na,na,O,O,O,na,O,na,na,na,X,X,X,X,X,X,X,X,O,X
S2_CC_822,na,na,na,O,na,na,na,O,O,O,na,X,X,O,X,X,O,O,na,na,O,O,O,na,O,na,na,na,X,X,X,X,X,X,X,X,X,X
S2_CC_823,X,X,X,O,na,na,na,O,O,O,na,X,X,O,X,X,O,O,na,na,O,O,O,na,O,na,na,X,X,X,X,X,X,X,X,X,X,X
S2_CC_824,X,X,X,X,na,na,X,X,X,X,X,X,X,X,X,X,X,X,X,X,X,X,X,X,X,X,X,X,X,X,X,X,X,X,X,X,X,O
S2_CC_825,X,X,X,X,na,na,X,X,X,X,X,X,X,X,X,X,X,X,X,X,X,X,X,X,X,X,X,X,X,X,X,X,X,X,X,X,X,O
S2_HG_826,na,na,na,O,na,na,na,O,O,O,na,X,X,O,X,X,O,O,na,na,O,O,O,na,O,na,na,na,X,X,X,X,X,X,X,X,O,X
S2_CC_830,na,na,na,X,X,na,na,X,X,X,na,X,X,X,X,X,X,X,na,na,X,X,X,na,X,na,na,na,X,X,X,X,X,X,X,X,X,O
S2_CC_831,na,na,na,X,X,na,na,X,X,X,na,na,na,X,na,na,X,O,na,na,X,X,X,na,X,na,na,na,X,X,X,X,X,X,X,X,X,X
S2_HG_832,na,na,na,X,X,na,na,X,X,X,na,na,na,X,na,na,X,O,na,na,X,X,X,na,X,na,na,na,X,X,X,X,X,X,X,X,X,X
S2_NC_833,na,na,na,X,X,na,na,X,X,X,na,X,X,X,X,X,X,X,na,na,X,X,X,na,X,na,na,na,X,X,X,X,X,X,X,X,O,O
S2_NC_834,na,na,na,X,X,na,na,X,X,X,na,na,na,X,na,na,X,O,na,na,X,X,X,na,X,na,na,na,X,X,X,X,X,X,X,X,O,X
S2_HG_840,X,X,X,O,O,O,O,O,O,O,O,O,O,O,O,O,O,O,O,O,O,O,O,O,O,O,O,X,X,X,X,X,X,X,X,X,X,X
S2_HG_841,X,X,X,X,X,X,X,X,X,X,X,X,X,X,X,X,X,X,X,X,X,X,X,X,X,X,X,X,X,X,X,X,X,X,X,X,X,O
